{"cameraMode":{"drawMode":0,"name":"Shaded","section":"Shading Mode"},"sceneLighting":true,"audioPlay":false,"sceneViewState":{"showFog":true,"showMaterialUpdate":false,"showSkybox":true,"showFlares":true,"showImageEffects":true,"showParticleSystems":true},"in2DMode":false,"pivot":{"x":-5.715150833129883,"y":12.748991012573243,"z":17.352447509765626},"rotation":{"x":-0.13202989101409913,"y":0.7189815044403076,"z":-0.1422370970249176,"w":-0.6673864126205444},"size":19.047849655151368,"orthographic":false}